image_id,true_label,predicted_label,confidence,second_label,second_probability,quality_status,suspected_label_issue,reviewed_by,notes
val_0001_3f1772a2,broken,broken,0.504967,spotted,0.380941,ok,pending_human_review,,low_confidence;low_top1_top2_margin
val_0002_d9eda36f,broken,skin_damaged,0.500002,spotted,0.244735,warning:multiple_candidate_components,pending_human_review,,true_broken_predicted_other;low_confidence
val_0004_8ee826b6,broken,spotted,0.697193,immature,0.130789,warning:multiple_candidate_components,pending_human_review,,true_broken_predicted_other
val_0005_62d08203,broken,broken,0.44435,skin_damaged,0.261776,ok,pending_human_review,,low_confidence
val_0006_ee77c198,broken,spotted,0.594783,broken,0.297418,warning:multiple_candidate_components,pending_human_review,,true_broken_predicted_other;low_confidence
val_0007_2a7624a4,broken,immature,0.251869,skin_damaged,0.247119,ok,pending_human_review,,true_broken_predicted_other;low_confidence;low_top1_top2_margin
val_0008_e5a4dc2f,broken,spotted,0.372001,broken,0.368837,ok,pending_human_review,,true_broken_predicted_other;low_confidence;low_top1_top2_margin
val_0009_54d25253,broken,broken,0.504429,skin_damaged,0.404794,ok,pending_human_review,,low_confidence;low_top1_top2_margin
val_0011_34c606ce,broken,spotted,0.505926,broken,0.458103,ok,pending_human_review,,true_broken_predicted_other;low_confidence;low_top1_top2_margin
val_0013_e8553295,broken,broken,0.543684,skin_damaged,0.176321,ok,pending_human_review,,low_confidence
val_0014_700cbcdc,broken,skin_damaged,0.323751,spotted,0.283643,warning:multiple_candidate_components,pending_human_review,,true_broken_predicted_other;low_confidence;low_top1_top2_margin
val_0015_c971d84c,broken,broken,0.453066,skin_damaged,0.221742,ok,pending_human_review,,low_confidence
val_0016_503231ca,broken,broken,0.501736,spotted,0.299091,ok,pending_human_review,,low_confidence
val_0019_053f5e38,broken,spotted,0.861386,broken,0.11387,ok,pending_human_review,,true_broken_predicted_other
val_0020_47781a98,broken,spotted,0.489471,broken,0.366926,ok,pending_human_review,,true_broken_predicted_other;low_confidence;low_top1_top2_margin
val_0021_12cbe142,broken,spotted,0.70883,broken,0.221998,ok,pending_human_review,,true_broken_predicted_other
val_0022_649f4ead,broken,immature,0.323284,broken,0.316922,warning:multiple_candidate_components,pending_human_review,,true_broken_predicted_other;low_confidence;low_top1_top2_margin
val_0023_88912d4f,broken,broken,0.313924,spotted,0.285923,ok,pending_human_review,,low_confidence;low_top1_top2_margin
val_0025_90c537b8,broken,broken,0.347696,spotted,0.306592,warning:multiple_candidate_components,pending_human_review,,low_confidence;low_top1_top2_margin
val_0026_35034a8f,broken,broken,0.296062,spotted,0.274087,ok,pending_human_review,,low_confidence;low_top1_top2_margin
val_0027_4714474c,broken,skin_damaged,0.456732,broken,0.454899,warning:possible_blur,pending_human_review,,true_broken_predicted_other;low_confidence;low_top1_top2_margin
val_0028_d639dc79,broken,spotted,0.821206,broken,0.142033,ok,pending_human_review,,true_broken_predicted_other
val_0029_dadcc687,broken,spotted,0.445165,immature,0.23071,ok,pending_human_review,,true_broken_predicted_other;low_confidence
val_0030_3434e8e6,broken,broken,0.446225,spotted,0.426043,ok,pending_human_review,,low_confidence;low_top1_top2_margin
val_0031_08b6066e,broken,spotted,0.568938,broken,0.366614,ok,pending_human_review,,true_broken_predicted_other;low_confidence
val_0032_2252038b,broken,broken,0.537389,spotted,0.432399,ok,pending_human_review,,low_confidence;low_top1_top2_margin
val_0033_24dda08b,broken,skin_damaged,0.421955,broken,0.358841,ok,pending_human_review,,true_broken_predicted_other;low_confidence;low_top1_top2_margin
val_0036_0a09f6a3,broken,broken,0.579473,skin_damaged,0.319225,ok,pending_human_review,,low_confidence
val_0037_2b15c871,broken,skin_damaged,0.320858,broken,0.248753,warning:multiple_candidate_components,pending_human_review,,true_broken_predicted_other;low_confidence;low_top1_top2_margin
val_0038_c4f10fb3,broken,immature,0.322034,broken,0.301954,ok,pending_human_review,,true_broken_predicted_other;low_confidence;low_top1_top2_margin
val_0042_7accb5ee,broken,skin_damaged,0.328043,broken,0.234181,ok,pending_human_review,,true_broken_predicted_other;low_confidence;low_top1_top2_margin
val_0045_2b09dd72,broken,spotted,0.782347,broken,0.201205,ok,pending_human_review,,true_broken_predicted_other
val_0046_efc00b24,broken,broken,0.588345,spotted,0.242363,ok,pending_human_review,,low_confidence
val_0047_4ff6405c,broken,spotted,0.815958,broken,0.160409,warning:multiple_candidate_components,pending_human_review,,true_broken_predicted_other
val_0049_0a158b52,broken,broken,0.545408,spotted,0.350783,warning:possible_blur;multiple_candidate_components,pending_human_review,,low_confidence
val_0050_ad576f3c,broken,skin_damaged,0.33391,broken,0.307131,ok,pending_human_review,,true_broken_predicted_other;low_confidence;low_top1_top2_margin
val_0051_3a987eca,broken,spotted,0.399225,skin_damaged,0.333717,ok,pending_human_review,,true_broken_predicted_other;low_confidence;low_top1_top2_margin
val_0052_a41418c1,broken,spotted,0.734112,broken,0.229822,warning:multiple_candidate_components,pending_human_review,,true_broken_predicted_other
val_0053_cd346378,broken,spotted,0.335555,broken,0.286329,ok,pending_human_review,,true_broken_predicted_other;low_confidence;low_top1_top2_margin
val_0054_b9921cfa,broken,immature,0.291771,spotted,0.269811,ok,pending_human_review,,true_broken_predicted_other;low_confidence;low_top1_top2_margin
val_0055_15ee862d,broken,spotted,0.711897,broken,0.253818,warning:multiple_candidate_components,pending_human_review,,true_broken_predicted_other
val_0056_2d0c26b8,broken,broken,0.520542,spotted,0.314068,ok,pending_human_review,,low_confidence
val_0057_dd1eddfb,broken,broken,0.4754,spotted,0.438885,warning:multiple_candidate_components,pending_human_review,,low_confidence;low_top1_top2_margin
val_0058_ed8272eb,broken,broken,0.592885,spotted,0.330628,ok,pending_human_review,,low_confidence
val_0060_6a7697fd,broken,spotted,0.745087,skin_damaged,0.102802,ok,pending_human_review,,true_broken_predicted_other
val_0061_c2ecc9d6,broken,skin_damaged,0.759204,broken,0.138136,ok,pending_human_review,,true_broken_predicted_other
val_0062_50367c2b,broken,skin_damaged,0.349125,broken,0.302918,ok,pending_human_review,,true_broken_predicted_other;low_confidence;low_top1_top2_margin
val_0063_832c4403,broken,skin_damaged,0.423409,broken,0.367682,ok,pending_human_review,,true_broken_predicted_other;low_confidence;low_top1_top2_margin
val_0064_84aa2a33,broken,spotted,0.48708,skin_damaged,0.259453,ok,pending_human_review,,true_broken_predicted_other;low_confidence
val_0065_93e5456f,broken,skin_damaged,0.573991,broken,0.151291,ok,pending_human_review,,true_broken_predicted_other;low_confidence
val_0067_ab37b71b,broken,broken,0.480597,spotted,0.294186,ok,pending_human_review,,low_confidence
val_0069_1098c3d6,broken,spotted,0.692176,immature,0.125997,ok,pending_human_review,,true_broken_predicted_other
val_0070_3b7560d5,broken,spotted,0.783856,broken,0.172976,ok,pending_human_review,,true_broken_predicted_other
val_0071_5b33610f,broken,spotted,0.423868,skin_damaged,0.242202,ok,pending_human_review,,true_broken_predicted_other;low_confidence
val_0072_848ae260,broken,spotted,0.460734,skin_damaged,0.299026,ok,pending_human_review,,true_broken_predicted_other;low_confidence
val_0073_aa92db62,broken,skin_damaged,0.488132,broken,0.408571,ok,pending_human_review,,true_broken_predicted_other;low_confidence;low_top1_top2_margin
val_0074_60771da6,broken,skin_damaged,0.521428,spotted,0.231604,ok,pending_human_review,,true_broken_predicted_other;low_confidence
val_0075_ccc39276,broken,skin_damaged,0.457459,broken,0.317909,ok,pending_human_review,,true_broken_predicted_other;low_confidence;low_top1_top2_margin
val_0076_ca0ff49a,broken,broken,0.432237,skin_damaged,0.201055,ok,pending_human_review,,low_confidence
val_0077_03989807,broken,broken,0.574913,spotted,0.27481,ok,pending_human_review,,low_confidence
val_0078_8ae168db,broken,broken,0.549597,immature,0.267008,ok,pending_human_review,,low_confidence
val_0080_92e4bdf5,broken,broken,0.54831,skin_damaged,0.303509,ok,pending_human_review,,low_confidence
val_0081_e0467ca1,broken,broken,0.398255,skin_damaged,0.260297,ok,pending_human_review,,low_confidence;low_top1_top2_margin
val_0082_36044e48,broken,broken,0.423346,spotted,0.269904,ok,pending_human_review,,low_confidence
val_0083_9e983cbf,broken,broken,0.478814,skin_damaged,0.212068,ok,pending_human_review,,low_confidence
val_0084_12831a56,broken,spotted,0.61399,broken,0.374623,warning:multiple_candidate_components,pending_human_review,,true_broken_predicted_other
val_0085_1acedaf7,broken,immature,0.373912,spotted,0.348689,ok,pending_human_review,,true_broken_predicted_other;low_confidence;low_top1_top2_margin
val_0086_c8162a7b,broken,broken,0.455886,skin_damaged,0.314825,ok,pending_human_review,,low_confidence;low_top1_top2_margin
val_0087_bd8f2213,broken,skin_damaged,0.473838,spotted,0.274789,ok,pending_human_review,,true_broken_predicted_other;low_confidence
val_0088_706ebd37,broken,broken,0.392848,skin_damaged,0.29777,ok,pending_human_review,,low_confidence;low_top1_top2_margin
val_0089_0e49ad94,broken,skin_damaged,0.441975,broken,0.264316,ok,pending_human_review,,true_broken_predicted_other;low_confidence
val_0090_90e16708,broken,skin_damaged,0.66293,spotted,0.195681,ok,pending_human_review,,true_broken_predicted_other
val_0091_41d37c86,broken,spotted,0.706424,broken,0.239447,ok,pending_human_review,,true_broken_predicted_other
val_0092_897f8615,broken,broken,0.490032,spotted,0.404723,ok,pending_human_review,,low_confidence;low_top1_top2_margin
val_0093_7fa37cb1,broken,broken,0.498265,skin_damaged,0.18051,ok,pending_human_review,,low_confidence
val_0094_c9874f8f,broken,broken,0.553494,skin_damaged,0.232269,ok,pending_human_review,,low_confidence
val_0096_044b844b,broken,spotted,0.501628,broken,0.468852,warning:multiple_candidate_components,pending_human_review,,true_broken_predicted_other;low_confidence;low_top1_top2_margin
val_0097_2d8cecfc,broken,broken,0.513772,skin_damaged,0.27357,warning:multiple_candidate_components,pending_human_review,,low_confidence
val_0098_679ee006,broken,spotted,0.565276,immature,0.226174,ok,pending_human_review,,true_broken_predicted_other;low_confidence
val_0100_efc949ff,broken,spotted,0.331941,broken,0.31302,ok,pending_human_review,,true_broken_predicted_other;low_confidence;low_top1_top2_margin
val_0102_8a52a660,immature,skin_damaged,0.38124,immature,0.282169,warning:multiple_candidate_components,pending_human_review,,low_confidence;low_top1_top2_margin
val_0105_f61faaf1,immature,spotted,0.408129,immature,0.304745,ok,pending_human_review,,low_confidence;low_top1_top2_margin
val_0106_5a0c43f7,immature,skin_damaged,0.428578,immature,0.30785,ok,pending_human_review,,low_confidence;low_top1_top2_margin
val_0109_b2527c1b,immature,spotted,0.52164,immature,0.341102,warning:possible_blur,pending_human_review,,low_confidence
val_0110_dd3cc2e9,immature,skin_damaged,0.533895,immature,0.337227,ok,pending_human_review,,low_confidence
val_0111_965e1dd6,immature,immature,0.422787,spotted,0.364463,ok,pending_human_review,,low_confidence;low_top1_top2_margin
val_0112_cf218add,immature,immature,0.529894,skin_damaged,0.214012,ok,pending_human_review,,low_confidence
val_0116_5f4ac152,immature,immature,0.574791,spotted,0.207752,warning:possible_blur,pending_human_review,,low_confidence
val_0119_918fbcbc,immature,immature,0.565024,intact,0.151107,warning:possible_blur,pending_human_review,,low_confidence
val_0121_b97045f3,immature,immature,0.506701,spotted,0.297823,warning:possible_blur;multiple_candidate_components,pending_human_review,,low_confidence
val_0122_4a990d39,immature,immature,0.437717,skin_damaged,0.25787,warning:possible_blur,pending_human_review,,low_confidence
val_0124_6b8638f5,immature,immature,0.536903,spotted,0.290942,ok,pending_human_review,,low_confidence
val_0126_6d6c18e8,immature,immature,0.551292,spotted,0.298592,ok,pending_human_review,,low_confidence
val_0127_51212b2c,immature,immature,0.519598,broken,0.191542,ok,pending_human_review,,low_confidence
val_0128_5425738b,immature,immature,0.373467,skin_damaged,0.275518,ok,pending_human_review,,low_confidence;low_top1_top2_margin
val_0129_83dbe6e6,immature,immature,0.541027,spotted,0.370512,ok,pending_human_review,,low_confidence
val_0130_778aac37,immature,skin_damaged,0.59005,immature,0.245663,warning:possible_blur;multiple_candidate_components,pending_human_review,,low_confidence
val_0131_6400994d,immature,immature,0.502048,intact,0.332392,ok,pending_human_review,,low_confidence
val_0132_41fe778d,immature,spotted,0.471548,immature,0.436143,warning:possible_blur,pending_human_review,,low_confidence;low_top1_top2_margin
val_0133_efe311e5,immature,immature,0.582166,skin_damaged,0.242912,ok,pending_human_review,,low_confidence
val_0139_83bd82aa,immature,immature,0.487122,spotted,0.261105,ok,pending_human_review,,low_confidence
val_0141_d0fc0555,immature,immature,0.535012,spotted,0.284145,ok,pending_human_review,,low_confidence
val_0142_a73cddda,immature,immature,0.423791,intact,0.25288,warning:possible_blur,pending_human_review,,low_confidence
val_0146_9db978d1,immature,immature,0.534534,spotted,0.177592,warning:possible_blur,pending_human_review,,low_confidence
val_0149_e6025539,immature,immature,0.524606,spotted,0.305937,ok,pending_human_review,,low_confidence
val_0152_dc66d844,immature,immature,0.507258,spotted,0.260532,ok,pending_human_review,,low_confidence
val_0153_ece54daa,immature,skin_damaged,0.329459,immature,0.278781,ok,pending_human_review,,low_confidence;low_top1_top2_margin
val_0155_7a5882de,immature,immature,0.585275,spotted,0.17125,warning:possible_blur,pending_human_review,,low_confidence
val_0159_d5805784,immature,spotted,0.558855,immature,0.251611,warning:multiple_candidate_components,pending_human_review,,low_confidence
val_0161_f5857843,immature,immature,0.576322,spotted,0.174658,warning:possible_blur,pending_human_review,,low_confidence
val_0164_b96eb842,immature,spotted,0.437704,immature,0.418352,ok,pending_human_review,,low_confidence;low_top1_top2_margin
val_0165_7f660e4a,immature,immature,0.314371,intact,0.291248,ok,pending_human_review,,low_confidence;low_top1_top2_margin
val_0168_6c85e8c4,immature,immature,0.464993,intact,0.301047,ok,pending_human_review,,low_confidence
val_0169_8ce188a7,immature,immature,0.392659,skin_damaged,0.225868,ok,pending_human_review,,low_confidence
val_0171_8d36caa9,immature,immature,0.452944,spotted,0.229346,ok,pending_human_review,,low_confidence
val_0173_298a8116,immature,immature,0.477929,spotted,0.303863,ok,pending_human_review,,low_confidence
val_0174_2ab4d79f,immature,immature,0.595426,skin_damaged,0.275987,warning:multiple_candidate_components,pending_human_review,,low_confidence
val_0175_8484c78b,immature,immature,0.555311,spotted,0.295795,ok,pending_human_review,,low_confidence
val_0178_25f2d910,immature,immature,0.354343,spotted,0.259053,ok,pending_human_review,,low_confidence;low_top1_top2_margin
val_0180_cc08ea86,immature,immature,0.447611,spotted,0.25944,warning:possible_blur,pending_human_review,,low_confidence
val_0183_011fe2cc,immature,immature,0.456467,intact,0.422734,ok,pending_human_review,,low_confidence;low_top1_top2_margin
val_0186_52f26309,immature,immature,0.595546,spotted,0.252464,warning:possible_blur,pending_human_review,,low_confidence
val_0187_cf699f9c,immature,immature,0.544563,spotted,0.304969,ok,pending_human_review,,low_confidence
val_0190_7e69b5c1,immature,immature,0.408098,spotted,0.383398,ok,pending_human_review,,low_confidence;low_top1_top2_margin
val_0193_38fb27ef,immature,immature,0.421524,skin_damaged,0.416025,warning:multiple_candidate_components,pending_human_review,,low_confidence;low_top1_top2_margin
val_0200_263bffbb,immature,spotted,0.4581,immature,0.426168,ok,pending_human_review,,low_confidence;low_top1_top2_margin
val_0201_17af466d,immature,skin_damaged,0.462586,immature,0.401775,warning:possible_blur;multiple_candidate_components,pending_human_review,,low_confidence;low_top1_top2_margin
val_0203_378458a6,immature,immature,0.377523,spotted,0.265699,ok,pending_human_review,,low_confidence;low_top1_top2_margin
val_0205_4d41e5bf,immature,immature,0.525726,spotted,0.278823,ok,pending_human_review,,low_confidence
val_0207_a289ceea,immature,immature,0.380909,spotted,0.228102,warning:multiple_candidate_components,pending_human_review,,low_confidence
val_0210_e9000d59,immature,immature,0.560407,skin_damaged,0.144967,warning:multiple_candidate_components,pending_human_review,,low_confidence
val_0211_97a9a6f6,immature,immature,0.486857,spotted,0.193668,ok,pending_human_review,,low_confidence
val_0212_435feb9c,immature,spotted,0.525526,immature,0.368648,ok,pending_human_review,,low_confidence
val_0213_a6603780,intact,immature,0.668057,spotted,0.158926,ok,pending_human_review,,true_intact_predicted_other
val_0214_ac826b3b,intact,immature,0.28091,broken,0.215832,ok,pending_human_review,,true_intact_predicted_other;low_confidence;low_top1_top2_margin
val_0215_dc7abd8b,intact,intact,0.599256,immature,0.238717,ok,pending_human_review,,low_confidence
val_0216_6447ef5b,intact,immature,0.444351,intact,0.318458,ok,pending_human_review,,true_intact_predicted_other;low_confidence;low_top1_top2_margin
val_0217_d9607912,intact,immature,0.286355,skin_damaged,0.251033,ok,pending_human_review,,true_intact_predicted_other;low_confidence;low_top1_top2_margin
val_0218_944d9f9e,intact,immature,0.538535,spotted,0.336258,ok,pending_human_review,,true_intact_predicted_other;low_confidence
val_0219_8c67581c,intact,spotted,0.462984,intact,0.203125,warning:possible_blur,pending_human_review,,true_intact_predicted_other;low_confidence
val_0220_5aa0c406,intact,immature,0.422074,spotted,0.223128,ok,pending_human_review,,true_intact_predicted_other;low_confidence
val_0221_74b6ec04,intact,intact,0.409295,immature,0.300201,ok,pending_human_review,,low_confidence;low_top1_top2_margin
val_0222_bf0d198e,intact,skin_damaged,0.417501,spotted,0.211331,ok,pending_human_review,,true_intact_predicted_other;low_confidence
val_0223_8b400e77,intact,immature,0.470869,intact,0.222877,ok,pending_human_review,,true_intact_predicted_other;low_confidence
val_0224_1dc874e6,intact,skin_damaged,0.713005,immature,0.091806,ok,pending_human_review,,true_intact_predicted_other
val_0225_0791b295,intact,spotted,0.348799,immature,0.230815,ok,pending_human_review,,true_intact_predicted_other;low_confidence;low_top1_top2_margin
val_0226_67637e91,intact,immature,0.419017,spotted,0.360419,ok,pending_human_review,,true_intact_predicted_other;low_confidence;low_top1_top2_margin
val_0227_7d44d58e,intact,immature,0.392472,intact,0.241587,ok,pending_human_review,,true_intact_predicted_other;low_confidence
val_0228_2630248a,intact,skin_damaged,0.368626,broken,0.205759,warning:multiple_candidate_components,pending_human_review,,true_intact_predicted_other;low_confidence
val_0229_2cb3056b,intact,immature,0.409997,intact,0.24641,ok,pending_human_review,,true_intact_predicted_other;low_confidence
val_0230_540936ba,intact,immature,0.310589,spotted,0.268694,warning:multiple_candidate_components,pending_human_review,,true_intact_predicted_other;low_confidence;low_top1_top2_margin
val_0231_943c07d2,intact,spotted,0.377292,intact,0.252572,warning:multiple_candidate_components,pending_human_review,,true_intact_predicted_other;low_confidence;low_top1_top2_margin
val_0232_eb429d98,intact,intact,0.464697,immature,0.390122,ok,pending_human_review,,low_confidence;low_top1_top2_margin
val_0233_f05a5fa1,intact,immature,0.517513,spotted,0.173302,ok,pending_human_review,,true_intact_predicted_other;low_confidence
val_0234_4ee31bbe,intact,immature,0.401465,intact,0.269129,ok,pending_human_review,,true_intact_predicted_other;low_confidence;low_top1_top2_margin
val_0235_820d737c,intact,immature,0.361857,intact,0.299655,ok,pending_human_review,,true_intact_predicted_other;low_confidence;low_top1_top2_margin
val_0236_0a343646,intact,immature,0.593666,spotted,0.140619,ok,pending_human_review,,true_intact_predicted_other;low_confidence
val_0237_2ea7d009,intact,immature,0.79606,skin_damaged,0.097853,ok,pending_human_review,,true_intact_predicted_other
val_0238_c052fda0,intact,intact,0.553093,immature,0.303716,ok,pending_human_review,,low_confidence
val_0239_8b6c6ebd,intact,immature,0.422783,intact,0.255456,ok,pending_human_review,,true_intact_predicted_other;low_confidence
val_0240_479e5f66,intact,skin_damaged,0.248673,spotted,0.228123,warning:multiple_candidate_components,pending_human_review,,true_intact_predicted_other;low_confidence;low_top1_top2_margin
val_0241_2c470303,intact,immature,0.473654,intact,0.349765,ok,pending_human_review,,true_intact_predicted_other;low_confidence;low_top1_top2_margin
val_0242_627a4d4c,intact,intact,0.331784,spotted,0.272482,ok,pending_human_review,,low_confidence;low_top1_top2_margin
val_0243_9dedc22e,intact,intact,0.401255,immature,0.212483,ok,pending_human_review,,low_confidence
val_0244_190b43b4,intact,intact,0.405282,spotted,0.183798,ok,pending_human_review,,low_confidence
val_0245_2a3b910f,intact,immature,0.311936,skin_damaged,0.297263,ok,pending_human_review,,true_intact_predicted_other;low_confidence;low_top1_top2_margin
val_0246_ad753759,intact,spotted,0.492516,immature,0.396027,ok,pending_human_review,,true_intact_predicted_other;low_confidence;low_top1_top2_margin
val_0247_3685e640,intact,intact,0.287232,broken,0.246148,ok,pending_human_review,,low_confidence;low_top1_top2_margin
val_0248_6c21d9c4,intact,skin_damaged,0.439327,immature,0.235079,ok,pending_human_review,,true_intact_predicted_other;low_confidence
val_0249_f623c249,intact,immature,0.448109,intact,0.289617,ok,pending_human_review,,true_intact_predicted_other;low_confidence
val_0250_9a29a858,intact,intact,0.424969,spotted,0.250309,ok,pending_human_review,,low_confidence
val_0251_30ac264d,intact,intact,0.577196,immature,0.223181,ok,pending_human_review,,low_confidence
val_0252_bec4b514,intact,skin_damaged,0.638155,immature,0.217191,ok,pending_human_review,,true_intact_predicted_other
val_0253_705a187d,intact,immature,0.64505,spotted,0.169374,ok,pending_human_review,,true_intact_predicted_other
val_0254_1ae6be59,intact,immature,0.407711,intact,0.233822,ok,pending_human_review,,true_intact_predicted_other;low_confidence
val_0255_83751c3e,intact,immature,0.331619,spotted,0.254278,ok,pending_human_review,,true_intact_predicted_other;low_confidence;low_top1_top2_margin
val_0256_941c1568,intact,immature,0.646993,intact,0.239534,ok,pending_human_review,,true_intact_predicted_other
val_0257_dbc8c055,intact,immature,0.46061,spotted,0.25764,ok,pending_human_review,,true_intact_predicted_other;low_confidence
val_0258_e6955be4,intact,immature,0.37587,intact,0.258456,warning:possible_blur,pending_human_review,,true_intact_predicted_other;low_confidence;low_top1_top2_margin
val_0259_4bced223,intact,immature,0.494412,intact,0.225165,ok,pending_human_review,,true_intact_predicted_other;low_confidence
val_0260_ae6f591e,intact,immature,0.427237,intact,0.323505,ok,pending_human_review,,true_intact_predicted_other;low_confidence;low_top1_top2_margin
val_0261_a0680bbf,intact,immature,0.503559,spotted,0.181049,ok,pending_human_review,,true_intact_predicted_other;low_confidence
val_0262_92e3d223,intact,spotted,0.301542,intact,0.300378,ok,pending_human_review,,true_intact_predicted_other;low_confidence;low_top1_top2_margin
val_0263_785d02f1,intact,immature,0.491372,intact,0.265946,ok,pending_human_review,,true_intact_predicted_other;low_confidence
val_0265_f832c398,intact,immature,0.378498,spotted,0.291009,ok,pending_human_review,,true_intact_predicted_other;low_confidence;low_top1_top2_margin
val_0266_bd610647,intact,intact,0.276832,immature,0.276716,ok,pending_human_review,,low_confidence;low_top1_top2_margin
val_0267_ecbabc9d,intact,skin_damaged,0.405022,spotted,0.216022,warning:multiple_candidate_components,pending_human_review,,true_intact_predicted_other;low_confidence
val_0268_9d0c8793,intact,immature,0.447915,intact,0.355667,warning:multiple_candidate_components,pending_human_review,,true_intact_predicted_other;low_confidence;low_top1_top2_margin
val_0269_b88be7fc,intact,spotted,0.337841,immature,0.247715,warning:multiple_candidate_components,pending_human_review,,true_intact_predicted_other;low_confidence;low_top1_top2_margin
val_0270_df3e6ffc,intact,intact,0.467128,immature,0.391874,ok,pending_human_review,,low_confidence;low_top1_top2_margin
val_0271_4a79046b,intact,intact,0.525105,spotted,0.221498,ok,pending_human_review,,low_confidence
val_0272_b348f2ff,intact,immature,0.521376,skin_damaged,0.221752,ok,pending_human_review,,true_intact_predicted_other;low_confidence
val_0273_bf3d94a1,intact,spotted,0.609509,immature,0.224193,ok,pending_human_review,,true_intact_predicted_other
val_0274_69fd5482,intact,immature,0.535732,spotted,0.280793,ok,pending_human_review,,true_intact_predicted_other;low_confidence
val_0275_516222a1,intact,immature,0.45912,skin_damaged,0.37329,ok,pending_human_review,,true_intact_predicted_other;low_confidence;low_top1_top2_margin
val_0276_5c76ad8e,intact,skin_damaged,0.321172,spotted,0.262501,ok,pending_human_review,,true_intact_predicted_other;low_confidence;low_top1_top2_margin
val_0277_f7a4cf6c,intact,immature,0.489783,spotted,0.1878,ok,pending_human_review,,true_intact_predicted_other;low_confidence
val_0278_eb867c74,intact,intact,0.411765,immature,0.219306,ok,pending_human_review,,low_confidence
val_0279_07dddbc7,intact,immature,0.505268,intact,0.315101,ok,pending_human_review,,true_intact_predicted_other;low_confidence
val_0280_36ebdf8a,intact,immature,0.368477,broken,0.311529,warning:multiple_candidate_components,pending_human_review,,true_intact_predicted_other;low_confidence;low_top1_top2_margin
val_0281_8239c853,intact,immature,0.54571,spotted,0.265321,warning:multiple_candidate_components,pending_human_review,,true_intact_predicted_other;low_confidence
val_0282_9e9e4591,intact,immature,0.378148,spotted,0.285291,warning:multiple_candidate_components,pending_human_review,,true_intact_predicted_other;low_confidence;low_top1_top2_margin
val_0283_ca981e11,intact,immature,0.631639,spotted,0.179288,warning:multiple_candidate_components,pending_human_review,,true_intact_predicted_other
val_0284_2e3dca69,intact,spotted,0.334105,immature,0.234103,ok,pending_human_review,,true_intact_predicted_other;low_confidence;low_top1_top2_margin
val_0285_9acb41f2,intact,skin_damaged,0.505179,immature,0.183409,ok,pending_human_review,,true_intact_predicted_other;low_confidence
val_0286_1bc69e86,intact,immature,0.530244,intact,0.249191,ok,pending_human_review,,true_intact_predicted_other;low_confidence
val_0287_73e6b713,intact,intact,0.474373,immature,0.330232,ok,pending_human_review,,low_confidence;low_top1_top2_margin
val_0288_146db491,intact,intact,0.299603,spotted,0.263361,warning:multiple_candidate_components,pending_human_review,,low_confidence;low_top1_top2_margin
val_0289_167b46cd,intact,intact,0.283779,spotted,0.265873,warning:multiple_candidate_components,pending_human_review,,low_confidence;low_top1_top2_margin
val_0290_81ca7fde,intact,immature,0.51662,spotted,0.310034,ok,pending_human_review,,true_intact_predicted_other;low_confidence
val_0291_4cee60b2,intact,intact,0.423858,immature,0.364274,warning:multiple_candidate_components,pending_human_review,,low_confidence;low_top1_top2_margin
val_0292_42560d14,intact,spotted,0.413211,immature,0.201477,ok,pending_human_review,,true_intact_predicted_other;low_confidence
val_0293_3e982d54,intact,skin_damaged,0.666054,spotted,0.233566,warning:multiple_candidate_components,pending_human_review,,true_intact_predicted_other
val_0294_03c9b60e,intact,spotted,0.249637,immature,0.229196,warning:multiple_candidate_components,pending_human_review,,true_intact_predicted_other;low_confidence;low_top1_top2_margin
val_0295_8313dfb5,intact,intact,0.583488,immature,0.231164,ok,pending_human_review,,low_confidence
val_0296_6fc45bc8,intact,skin_damaged,0.389644,immature,0.35187,ok,pending_human_review,,true_intact_predicted_other;low_confidence;low_top1_top2_margin
val_0297_c454a4f1,intact,immature,0.504319,intact,0.343451,ok,pending_human_review,,true_intact_predicted_other;low_confidence
val_0298_a2830b53,intact,immature,0.415862,intact,0.267227,ok,pending_human_review,,true_intact_predicted_other;low_confidence;low_top1_top2_margin
val_0299_163aa2ae,intact,skin_damaged,0.401608,immature,0.2761,ok,pending_human_review,,true_intact_predicted_other;low_confidence;low_top1_top2_margin
val_0300_d588706a,intact,immature,0.580383,skin_damaged,0.253642,ok,pending_human_review,,true_intact_predicted_other;low_confidence
val_0301_7685a84f,intact,immature,0.437102,spotted,0.23351,ok,pending_human_review,,true_intact_predicted_other;low_confidence
val_0302_ac5b930c,intact,intact,0.420563,immature,0.289977,ok,pending_human_review,,low_confidence;low_top1_top2_margin
val_0303_7b019349,intact,skin_damaged,0.473526,immature,0.240279,ok,pending_human_review,,true_intact_predicted_other;low_confidence
val_0309_50a14a54,skin_damaged,skin_damaged,0.337608,spotted,0.308071,ok,pending_human_review,,low_confidence;low_top1_top2_margin
val_0310_246258c8,skin_damaged,skin_damaged,0.4208,spotted,0.233533,ok,pending_human_review,,low_confidence
val_0313_7f4db815,skin_damaged,immature,0.364121,skin_damaged,0.248948,warning:multiple_candidate_components,pending_human_review,,low_confidence;low_top1_top2_margin
val_0314_bf22fca8,skin_damaged,skin_damaged,0.406382,immature,0.362605,ok,pending_human_review,,low_confidence;low_top1_top2_margin
val_0322_8b26ac3e,skin_damaged,skin_damaged,0.590295,immature,0.294545,ok,pending_human_review,,low_confidence
val_0323_94730aa2,skin_damaged,spotted,0.49794,broken,0.254051,ok,pending_human_review,,low_confidence
val_0325_34ed6c93,skin_damaged,skin_damaged,0.524187,spotted,0.214639,ok,pending_human_review,,low_confidence
val_0328_ee95dffc,skin_damaged,skin_damaged,0.562433,broken,0.238135,warning:multiple_candidate_components,pending_human_review,,low_confidence
val_0331_268812c0,skin_damaged,skin_damaged,0.452992,immature,0.223809,ok,pending_human_review,,low_confidence
val_0333_41f5d35d,skin_damaged,immature,0.381818,spotted,0.336749,ok,pending_human_review,,low_confidence;low_top1_top2_margin
val_0334_fb9eddb3,skin_damaged,skin_damaged,0.444887,spotted,0.365321,ok,pending_human_review,,low_confidence;low_top1_top2_margin
val_0336_0bfeb4ee,skin_damaged,skin_damaged,0.365472,spotted,0.362478,ok,pending_human_review,,low_confidence;low_top1_top2_margin
val_0337_e4d3330b,skin_damaged,skin_damaged,0.454907,broken,0.231597,ok,pending_human_review,,low_confidence
val_0339_a3c688f4,skin_damaged,skin_damaged,0.348657,immature,0.236946,ok,pending_human_review,,low_confidence;low_top1_top2_margin
val_0342_9641cb81,skin_damaged,skin_damaged,0.569944,broken,0.165736,warning:multiple_candidate_components,pending_human_review,,low_confidence
val_0344_5c445193,skin_damaged,skin_damaged,0.510296,immature,0.252748,warning:multiple_candidate_components,pending_human_review,,low_confidence
val_0347_ffe0c47d,skin_damaged,immature,0.280528,spotted,0.27605,ok,pending_human_review,,low_confidence;low_top1_top2_margin
val_0349_7f69ccd6,skin_damaged,skin_damaged,0.360393,broken,0.279402,ok,pending_human_review,,low_confidence;low_top1_top2_margin
val_0350_87f15778,skin_damaged,skin_damaged,0.379786,immature,0.225259,ok,pending_human_review,,low_confidence
val_0353_6c17ac46,skin_damaged,spotted,0.455334,broken,0.25564,ok,pending_human_review,,low_confidence
val_0354_6998a144,skin_damaged,spotted,0.34798,immature,0.321498,warning:multiple_candidate_components,pending_human_review,,low_confidence;low_top1_top2_margin
val_0355_3124f7f8,skin_damaged,immature,0.461509,skin_damaged,0.154465,ok,pending_human_review,,low_confidence
val_0356_421841bc,skin_damaged,broken,0.621416,skin_damaged,0.217462,ok,pending_human_review,,predicted_broken_true_other
val_0357_db6ecf7e,skin_damaged,skin_damaged,0.352328,broken,0.235793,ok,pending_human_review,,low_confidence;low_top1_top2_margin
val_0358_efd9ca53,skin_damaged,skin_damaged,0.431714,spotted,0.308416,ok,pending_human_review,,low_confidence;low_top1_top2_margin
val_0360_0e0aeb61,skin_damaged,skin_damaged,0.481937,immature,0.320746,ok,pending_human_review,,low_confidence
val_0362_02e9de4c,skin_damaged,skin_damaged,0.497322,spotted,0.35131,warning:multiple_candidate_components,pending_human_review,,low_confidence;low_top1_top2_margin
val_0364_9ba7097d,skin_damaged,skin_damaged,0.48318,spotted,0.165406,warning:possible_blur,pending_human_review,,low_confidence
val_0365_2b19a2a4,skin_damaged,broken,0.283525,skin_damaged,0.240413,ok,pending_human_review,,predicted_broken_true_other;low_confidence;low_top1_top2_margin
val_0366_4d9ae8aa,skin_damaged,skin_damaged,0.337978,immature,0.288934,warning:multiple_candidate_components,pending_human_review,,low_confidence;low_top1_top2_margin
val_0367_c57d9712,skin_damaged,skin_damaged,0.447047,broken,0.191273,ok,pending_human_review,,low_confidence
val_0368_4dc39c54,skin_damaged,skin_damaged,0.386461,broken,0.265784,ok,pending_human_review,,low_confidence;low_top1_top2_margin
val_0369_af648d7e,skin_damaged,skin_damaged,0.348152,immature,0.317276,ok,pending_human_review,,low_confidence;low_top1_top2_margin
val_0370_b7d05350,skin_damaged,skin_damaged,0.345816,spotted,0.249891,ok,pending_human_review,,low_confidence;low_top1_top2_margin
val_0377_2c96af33,skin_damaged,immature,0.395856,skin_damaged,0.289647,ok,pending_human_review,,low_confidence;low_top1_top2_margin
val_0378_d9edb3d0,skin_damaged,skin_damaged,0.321518,intact,0.321321,ok,pending_human_review,,low_confidence;low_top1_top2_margin
val_0379_00bf896d,skin_damaged,skin_damaged,0.456396,immature,0.190069,ok,pending_human_review,,low_confidence
val_0384_bcc45cc7,skin_damaged,skin_damaged,0.478366,broken,0.255744,ok,pending_human_review,,low_confidence
val_0388_c84d2fe0,skin_damaged,immature,0.291763,skin_damaged,0.2909,ok,pending_human_review,,low_confidence;low_top1_top2_margin
val_0389_f7675b46,skin_damaged,skin_damaged,0.534708,broken,0.2383,ok,pending_human_review,,low_confidence
val_0390_4f9f8bdf,skin_damaged,immature,0.397764,spotted,0.312854,ok,pending_human_review,,low_confidence;low_top1_top2_margin
val_0392_9454bc01,skin_damaged,skin_damaged,0.295747,immature,0.200459,ok,pending_human_review,,low_confidence;low_top1_top2_margin
val_0396_6631d284,skin_damaged,immature,0.501322,skin_damaged,0.224666,ok,pending_human_review,,low_confidence
val_0397_fc993232,skin_damaged,skin_damaged,0.554788,immature,0.20713,ok,pending_human_review,,low_confidence
val_0399_57bcb322,skin_damaged,spotted,0.472168,skin_damaged,0.210064,ok,pending_human_review,,low_confidence
val_0402_a781a757,skin_damaged,skin_damaged,0.478898,immature,0.280478,ok,pending_human_review,,low_confidence
val_0405_c9b0b2fc,skin_damaged,skin_damaged,0.544038,immature,0.202306,ok,pending_human_review,,low_confidence
val_0409_ad735ffd,skin_damaged,immature,0.495007,skin_damaged,0.403979,ok,pending_human_review,,low_confidence;low_top1_top2_margin
val_0412_f59bcc04,skin_damaged,skin_damaged,0.308511,spotted,0.284383,warning:possible_blur;multiple_candidate_components,pending_human_review,,low_confidence;low_top1_top2_margin
val_0416_2b75f6a1,skin_damaged,immature,0.389742,spotted,0.188329,warning:multiple_candidate_components,pending_human_review,,low_confidence
val_0419_3a302325,spotted,spotted,0.556971,broken,0.194133,ok,pending_human_review,,low_confidence
val_0420_e39951af,spotted,spotted,0.456172,broken,0.315095,ok,pending_human_review,,low_confidence;low_top1_top2_margin
val_0421_6ac524da,spotted,broken,0.706965,spotted,0.152145,ok,pending_human_review,,predicted_broken_true_other
val_0422_29fa9f12,spotted,spotted,0.574367,immature,0.214666,ok,pending_human_review,,low_confidence
val_0425_e7da5a59,spotted,skin_damaged,0.529002,broken,0.345777,ok,pending_human_review,,low_confidence
val_0433_eae8ab5d,spotted,spotted,0.441836,skin_damaged,0.234985,warning:multiple_candidate_components,pending_human_review,,low_confidence
val_0434_eda12135,spotted,spotted,0.463675,immature,0.393347,warning:multiple_candidate_components,pending_human_review,,low_confidence;low_top1_top2_margin
val_0436_fbd9c758,spotted,spotted,0.454114,immature,0.320828,warning:multiple_candidate_components,pending_human_review,,low_confidence;low_top1_top2_margin
val_0438_a363f1a1,spotted,immature,0.325366,spotted,0.31216,ok,pending_human_review,,low_confidence;low_top1_top2_margin
val_0442_7d1af60f,spotted,spotted,0.592996,skin_damaged,0.223772,warning:multiple_candidate_components,pending_human_review,,low_confidence
val_0449_05e790e2,spotted,spotted,0.483183,broken,0.279391,ok,pending_human_review,,low_confidence
val_0455_7bad3600,spotted,spotted,0.342597,immature,0.322268,ok,pending_human_review,,low_confidence;low_top1_top2_margin
val_0461_6b5bc7c7,spotted,spotted,0.460555,immature,0.314201,warning:possible_blur,pending_human_review,,low_confidence;low_top1_top2_margin
val_0462_3cde270b,spotted,spotted,0.548407,skin_damaged,0.321693,warning:possible_blur,pending_human_review,,low_confidence
val_0463_c130d82e,spotted,spotted,0.577579,immature,0.182699,warning:possible_blur,pending_human_review,,low_confidence
val_0469_992b83f4,spotted,spotted,0.576911,immature,0.246163,warning:possible_blur,pending_human_review,,low_confidence
val_0470_37f3aac8,spotted,broken,0.543283,spotted,0.365468,warning:multiple_candidate_components,pending_human_review,,predicted_broken_true_other;low_confidence
val_0476_1c54d3e0,spotted,broken,0.390284,spotted,0.331548,warning:multiple_candidate_components,pending_human_review,,predicted_broken_true_other;low_confidence;low_top1_top2_margin
val_0477_ab7676d6,spotted,spotted,0.538006,immature,0.191552,ok,pending_human_review,,low_confidence
val_0479_0e4cdce0,spotted,skin_damaged,0.419694,spotted,0.306613,warning:multiple_candidate_components,pending_human_review,,low_confidence;low_top1_top2_margin
val_0482_b45e8994,spotted,skin_damaged,0.465829,spotted,0.393577,ok,pending_human_review,,low_confidence;low_top1_top2_margin
val_0485_5c3a6e1f,spotted,spotted,0.538379,immature,0.196916,warning:possible_blur,pending_human_review,,low_confidence
val_0486_39248232,spotted,spotted,0.503798,skin_damaged,0.218476,ok,pending_human_review,,low_confidence
val_0488_97b6f44c,spotted,skin_damaged,0.332832,broken,0.234582,warning:possible_blur,pending_human_review,,low_confidence;low_top1_top2_margin
val_0491_f0bab650,spotted,spotted,0.541429,broken,0.201638,ok,pending_human_review,,low_confidence
val_0493_35f22b91,spotted,spotted,0.466031,broken,0.451885,ok,pending_human_review,,low_confidence;low_top1_top2_margin
val_0494_5e475816,spotted,spotted,0.498002,broken,0.246011,low_crop_confidence,pending_human_review,,low_confidence
val_0495_7355b459,spotted,broken,0.559548,spotted,0.163654,warning:multiple_candidate_components,pending_human_review,,predicted_broken_true_other;low_confidence
val_0499_e901a23d,spotted,spotted,0.561908,immature,0.21218,warning:possible_blur,pending_human_review,,low_confidence
val_0503_72a3242c,spotted,spotted,0.563054,broken,0.300698,ok,pending_human_review,,low_confidence
val_0505_9389d194,spotted,spotted,0.499763,immature,0.28061,warning:possible_blur,pending_human_review,,low_confidence
val_0512_84c7137f,spotted,spotted,0.447772,immature,0.237773,warning:possible_blur,pending_human_review,,low_confidence
val_0517_f980db2f,spotted,spotted,0.522431,immature,0.305693,ok,pending_human_review,,low_confidence
val_0520_0b0c7f15,spotted,broken,0.380138,skin_damaged,0.271811,warning:multiple_candidate_components,pending_human_review,,predicted_broken_true_other;low_confidence;low_top1_top2_margin
val_0521_70cd8147,spotted,spotted,0.442707,skin_damaged,0.28705,ok,pending_human_review,,low_confidence
val_0522_2920f666,spotted,spotted,0.403476,immature,0.370644,ok,pending_human_review,,low_confidence;low_top1_top2_margin
