path,size_bytes,size_mb,category,classification
.env.example,239,0.0002,otro,pesado pero permitido
.github/ISSUE_TEMPLATE/bug_report.md,167,0.0002,documentacion,seguro para subir
.github/ISSUE_TEMPLATE/feature_request.md,186,0.0002,documentacion,seguro para subir
.github/pull_request_template.md,364,0.0003,documentacion,seguro para subir
.github/workflows/ci.yml,331,0.0003,otro,pesado pero permitido
.gitignore,1723,0.0016,otro,pesado pero permitido
AGENTS.md,1405,0.0013,documentacion,seguro para subir
CHANGELOG.md,466,0.0004,documentacion,seguro para subir
CONTRIBUTING.md,559,0.0005,documentacion,seguro para subir
LICENSE,830,0.0008,otro,pesado pero permitido
MIGRATION.md,1106,0.0011,documentacion,seguro para subir
PROJECT_STATUS.md,3612,0.0034,documentacion,seguro para subir
README.md,14047,0.0134,documentacion,seguro para subir
app/__init__.py,0,0.0,aplicacion,pesado pero permitido
app/components/__init__.py,0,0.0,aplicacion,pesado pero permitido
app/components/demo_helpers.py,11471,0.0109,aplicacion,pesado pero permitido
app/streamlit_app.py,39046,0.0372,aplicacion,pesado pero permitido
codex/00_PROMPT_MAESTRO.md,1019,0.001,documentacion,seguro para subir
codex/01_AUDITORIA_DATASET.md,473,0.0005,documentacion,seguro para subir
codex/02_ETIQUETADO_SPLIT.md,475,0.0005,documentacion,seguro para subir
codex/03_ENTRENAMIENTO_VISUAL.md,461,0.0004,documentacion,seguro para subir
codex/04_PREPARACION_LORA.md,445,0.0004,documentacion,seguro para subir
codex/05_ENTRENAMIENTO_LORA_SD15.md,510,0.0005,documentacion,seguro para subir
codex/06_CONSTRUCCION_RAG.md,414,0.0004,documentacion,seguro para subir
codex/07_INTEGRACION_APP.md,458,0.0004,documentacion,seguro para subir
codex/08_EVALUACION_DOCUMENTACION.md,516,0.0005,documentacion,seguro para subir
codex/README.md,197,0.0002,documentacion,seguro para subir
codex/tasks/01_dataset_acquisition.md,393,0.0004,documentacion,seguro para subir
codex/tasks/02_dataset_audit.md,225,0.0002,documentacion,seguro para subir
codex/tasks/03_dataset_splits.md,203,0.0002,documentacion,seguro para subir
codex/tasks/04_vision_training.md,248,0.0002,documentacion,seguro para subir
codex/tasks/05_lora_preparation.md,219,0.0002,documentacion,seguro para subir
codex/tasks/06_lora_colab.md,286,0.0003,documentacion,seguro para subir
codex/tasks/07_rag.md,204,0.0002,documentacion,seguro para subir
codex/tasks/08_integration.md,239,0.0002,documentacion,seguro para subir
codex/tasks/09_evaluation_docs.md,245,0.0002,documentacion,seguro para subir
configs/dataset.yaml,362,0.0003,configuracion,seguro para subir
configs/lora_sd15.yaml,573,0.0005,configuracion,seguro para subir
configs/project.yaml,261,0.0002,configuracion,seguro para subir
configs/rag.yaml,340,0.0003,configuracion,seguro para subir
configs/report.yaml,275,0.0003,configuracion,seguro para subir
configs/synthetic_generation.yaml,1017,0.001,configuracion,seguro para subir
configs/vision.yaml,435,0.0004,configuracion,seguro para subir
configs/vision_config.yaml,623,0.0006,configuracion,seguro para subir
configs/vision_experiments.yaml,1505,0.0014,configuracion,seguro para subir
configs/vision_v2_resnet18.yaml,1135,0.0011,configuracion,seguro para subir
data/README.md,842,0.0008,datos,pesado pero permitido
data/augmented/README.md,171,0.0002,datos,pesado pero permitido
data/documents/README.md,241,0.0002,datos,pesado pero permitido
data/lora/train/metadata.jsonl,151400,0.1444,datos,pesado pero permitido
data/metadata/.gitkeep,0,0.0,datos,pesado pero permitido
data/metadata/dataset_sources.csv,390,0.0004,datos,pesado pero permitido
data/metadata/dataset_split.csv,1022016,0.9747,datos,pesado pero permitido
data/metadata/document_sources.csv,2039,0.0019,datos,pesado pero permitido
data/metadata/documents_template.csv,238,0.0002,datos,pesado pero permitido
data/metadata/exclusions.csv,43685,0.0417,datos,pesado pero permitido
data/metadata/images_template.csv,210,0.0002,datos,pesado pero permitido
data/metadata/label_map.json,973,0.0009,datos,pesado pero permitido
data/metadata/lora_captions_template.csv,136,0.0001,datos,pesado pero permitido
data/metadata/near_duplicates_review.csv,12919,0.0123,datos,pesado pero permitido
data/metadata/rag_evaluation_queries.csv,4908,0.0047,datos,pesado pero permitido
data/metadata/vision_error_review.csv,40463,0.0386,datos,pesado pero permitido
data/processed/README.md,216,0.0002,datos,pesado pero permitido
data/raw/README.md,354,0.0003,datos,pesado pero permitido
data/sample/.gitkeep,0,0.0,datos,pesado pero permitido
data/sample/README.md,172,0.0002,datos,pesado pero permitido
data/synthetic/README.md,240,0.0002,datos,pesado pero permitido
docs/00_RESUMEN_EJECUTIVO.md,1061,0.001,documentacion,seguro para subir
docs/00_RESUMEN_PARA_EL_EQUIPO.md,1058,0.001,documentacion,seguro para subir
docs/01_ALCANCE_Y_ARQUITECTURA.md,843,0.0008,documentacion,seguro para subir
docs/01_ARQUITECTURA.md,865,0.0008,documentacion,seguro para subir
docs/02_ADQUISICION_Y_AUDITORIA_DATASET.md,769,0.0007,documentacion,seguro para subir
docs/02_PLAN_PASO_A_PASO.md,1460,0.0014,documentacion,seguro para subir
docs/03_CUMPLIMIENTO_ENTRENAMIENTO.md,997,0.001,documentacion,seguro para subir
docs/03_PLAN_DE_ENTRENAMIENTO.md,1234,0.0012,documentacion,seguro para subir
docs/04_GITHUB_DESDE_CERO.md,1032,0.001,documentacion,seguro para subir
docs/04_PLAN_RAG_E_INFORMES.md,712,0.0007,documentacion,seguro para subir
docs/05_EVALUACION_Y_EXPERIMENTOS.md,642,0.0006,documentacion,seguro para subir
docs/05_METODOLOGIA_DATASET.md,858,0.0008,documentacion,seguro para subir
docs/06_ETICA_Y_LIMITACIONES.md,536,0.0005,documentacion,seguro para subir
docs/06_METRICAS.md,640,0.0006,documentacion,seguro para subir
docs/07_ETICA_LIMITACIONES.md,592,0.0006,documentacion,seguro para subir
docs/07_GITHUB_Y_TRABAJO_EN_EQUIPO.md,618,0.0006,documentacion,seguro para subir
docs/08_CRONOGRAMA_7_DIAS.md,541,0.0005,documentacion,seguro para subir
docs/09_GUIA_CODEX.md,552,0.0005,documentacion,seguro para subir
docs/10_ESTRUCTURA_INFORME_IEEE.md,542,0.0005,documentacion,seguro para subir
docs/11_REFERENCIAS_BASE.md,461,0.0004,documentacion,seguro para subir
docs/CHANGES_IMPLEMENTED.md,1120,0.0011,documentacion,seguro para subir
docs/CONTINGENCY_PLAN.md,2433,0.0023,documentacion,seguro para subir
docs/DECISION_LOG.md,533,0.0005,documentacion,seguro para subir
docs/DEMO_SCRIPT_15_MINUTES.md,3122,0.003,documentacion,seguro para subir
docs/ETHICS_AND_LIMITATIONS.md,2490,0.0024,documentacion,seguro para subir
docs/FINAL_ARCHITECTURE.md,2922,0.0028,documentacion,seguro para subir
docs/FINAL_AUDIT.md,6754,0.0064,documentacion,seguro para subir
docs/FINAL_RESULTS.md,6824,0.0065,documentacion,seguro para subir
docs/FUNCTIONAL_AUDIT.md,4204,0.004,documentacion,seguro para subir
docs/INFORME_ACTUALIZADO_SEEDCARE_RAG_LORA.docx,45695,0.0436,documentacion,seguro para subir
docs/INFORME_AUDITORIA_FUNCIONAL.md,5670,0.0054,documentacion,seguro para subir
docs/INFORME_AUDITORIA_FUNCIONAL.pdf,8707,0.0083,documentacion,seguro para subir
docs/INFORME_PLAN_PROYECTO.docx,42811,0.0408,documentacion,seguro para subir
docs/INFORME_PLAN_PROYECTO.pdf,137995,0.1316,documentacion,seguro para subir
docs/KNOWN_LIMITATIONS.md,705,0.0007,documentacion,seguro para subir
docs/PANEL_QUESTIONS_AND_ANSWERS.md,3120,0.003,documentacion,seguro para subir
docs/PROJECT_CONTEXT_CURRENT.md,16605,0.0158,documentacion,seguro para subir
docs/PROJECT_FILES_CURRENT.txt,5796,0.0055,documentacion,seguro para subir
docs/RELEASE_CHECKLIST.md,5376,0.0051,documentacion,seguro para subir
docs/REPRODUCIBILITY.md,3513,0.0034,documentacion,seguro para subir
docs/RESULTS_VERSIONING.md,1309,0.0012,documentacion,seguro para subir
docs/RUNBOOK.md,1931,0.0018,documentacion,seguro para subir
docs/VISION_V2_EXPERIMENT_PLAN.md,3579,0.0034,documentacion,seguro para subir
docs/informe_ieee/.gitkeep,0,0.0,documentacion,seguro para subir
docs/informe_ieee/DRAFT_IEEE_REPORT.md,16797,0.016,documentacion,seguro para subir
docs/informe_ieee/README.md,497,0.0005,documentacion,seguro para subir
models/README.md,674,0.0006,modelo,pesado pero permitido
models/vision/resnet18_v2_temperature.json,534,0.0005,modelo,pesado pero permitido
notebooks/00_configuracion_entorno.ipynb,1163,0.0011,notebook,pesado pero permitido
notebooks/01_adquisicion_y_auditoria.ipynb,1193,0.0011,notebook,pesado pero permitido
notebooks/01_auditoria_dataset.ipynb,1552,0.0015,notebook,pesado pero permitido
notebooks/02_limpieza_y_etiquetado.ipynb,1532,0.0015,notebook,pesado pero permitido
notebooks/02_splits_y_aumento.ipynb,1189,0.0011,notebook,pesado pero permitido
notebooks/03_division_y_aumento.ipynb,1549,0.0015,notebook,pesado pero permitido
notebooks/03_entrenamiento_visual.ipynb,1149,0.0011,notebook,pesado pero permitido
notebooks/04_entrenamiento_modelo_visual.ipynb,1535,0.0015,notebook,pesado pero permitido
notebooks/04_preparacion_lora.ipynb,1181,0.0011,notebook,pesado pero permitido
notebooks/05_entrenamiento_lora_colab.ipynb,1192,0.0011,notebook,pesado pero permitido
notebooks/05_preparacion_lora_sd15.ipynb,1533,0.0015,notebook,pesado pero permitido
notebooks/06_entrenamiento_lora_sd15_colab.ipynb,1841,0.0018,notebook,pesado pero permitido
notebooks/06_revision_sinteticos.ipynb,1197,0.0011,notebook,pesado pero permitido
notebooks/07_construccion_rag.ipynb,1173,0.0011,notebook,pesado pero permitido
notebooks/08_integracion_informe.ipynb,1528,0.0015,notebook,pesado pero permitido
notebooks/08_integracion_y_evaluacion.ipynb,1159,0.0011,notebook,pesado pero permitido
notebooks/09_evaluacion_sistema.ipynb,1536,0.0015,notebook,pesado pero permitido
pyproject.toml,350,0.0003,configuracion,seguro para subir
requirements-app.txt,57,0.0001,configuracion,seguro para subir
requirements-colab.txt,106,0.0001,configuracion,seguro para subir
requirements-core.txt,113,0.0001,configuracion,seguro para subir
requirements-lora-colab.txt,121,0.0001,configuracion,seguro para subir
requirements-rag.txt,102,0.0001,configuracion,seguro para subir
requirements-vision.txt,74,0.0001,configuracion,seguro para subir
requirements.txt,26,0.0,configuracion,seguro para subir
results/README.md,130,0.0001,resultado,pesado pero permitido
results/app_smoke_test/stderr.log,67,0.0001,resultado,pesado pero permitido
results/app_smoke_test/stdout.log,93,0.0001,resultado,pesado pero permitido
results/app_smoke_test/summary.json,617,0.0006,resultado,pesado pero permitido
results/audit/final_status.json,756,0.0007,resultado,pesado pero permitido
results/audit/informe_pdf_sha256.txt,66,0.0001,resultado,pesado pero permitido
results/audit/initial_failures.md,1762,0.0017,resultado,pesado pero permitido
results/audit/initial_inventory.json,3523,0.0034,resultado,pesado pero permitido
results/audit/pipeline_probe.json,12259,0.0117,resultado,pesado pero permitido
results/dataset_audit/.gitkeep,0,0.0,resultado,pesado pero permitido
results/dataset_preparation/class_distribution_by_split.csv,334,0.0003,resultado,pesado pero permitido
results/dataset_preparation/summary.json,268,0.0003,resultado,pesado pero permitido
results/end_to_end/functional_test.json,14611,0.0139,resultado,pesado pero permitido
results/end_to_end/functional_test.md,361,0.0003,resultado,pesado pero permitido
results/figures/.gitkeep,0,0.0,resultado,pesado pero permitido
results/lora/dataset_summary.json,650,0.0006,resultado,pesado pero permitido
results/metrics/.gitkeep,0,0.0,resultado,pesado pero permitido
results/rag/index/.gitkeep,0,0.0,resultado,pesado pero permitido
results/reports/.gitkeep,0,0.0,resultado,pesado pero permitido
results/samples/.gitkeep,0,0.0,resultado,pesado pero permitido
results/synthetic/full/.gitkeep,0,0.0,resultado,pesado pero permitido
results/system/demo_cases.csv,1581,0.0015,resultado,pesado pero permitido
results/system/failure_cases.csv,495,0.0005,resultado,pesado pero permitido
results/system/final_evaluation_report.md,3083,0.0029,resultado,pesado pero permitido
results/system/final_metrics.csv,6113,0.0058,resultado,pesado pero permitido
results/system/final_metrics.json,7949,0.0076,resultado,pesado pero permitido
results/system/latency_report.csv,610,0.0006,resultado,pesado pero permitido
results/vision/RESULTS_INDEX.md,2038,0.0019,resultado,pesado pero permitido
results/vision/checkpoints/.gitkeep,0,0.0,resultado,pesado pero permitido
results/vision/resnet18_baseline/archive_before_reconciliation/classification_report.csv,622,0.0006,resultado,pesado pero permitido
results/vision/resnet18_baseline/archive_before_reconciliation/confusion_matrix.png,56689,0.0541,resultado,pesado pero permitido
results/vision/resnet18_baseline/archive_before_reconciliation/confusion_matrix_normalized.png,74423,0.071,resultado,pesado pero permitido
results/vision/resnet18_baseline/archive_before_reconciliation/metrics_test.json,957,0.0009,resultado,pesado pero permitido
results/vision/resnet18_baseline/archive_before_reconciliation/metrics_validation.json,930,0.0009,resultado,pesado pero permitido
results/vision/resnet18_baseline/archive_before_reconciliation/run_config.yaml,541,0.0005,resultado,pesado pero permitido
results/vision/resnet18_baseline/archive_before_reconciliation/run_summary.json,714,0.0007,resultado,pesado pero permitido
results/vision/resnet18_baseline/archive_before_reconciliation/test_predictions.csv,91524,0.0873,resultado,pesado pero permitido
results/vision/resnet18_baseline/archive_before_reconciliation/training_curves.png,89470,0.0853,resultado,pesado pero permitido
results/vision/resnet18_baseline/archive_before_reconciliation/training_history.csv,1547,0.0015,resultado,pesado pero permitido
results/vision/resnet18_baseline/classification_report.csv,622,0.0006,resultado,pesado pero permitido
results/vision/resnet18_baseline/confusion_matrix.png,56689,0.0541,resultado,pesado pero permitido
results/vision/resnet18_baseline/confusion_matrix_normalized.png,74423,0.071,resultado,pesado pero permitido
results/vision/resnet18_baseline/metrics_test.json,957,0.0009,resultado,pesado pero permitido
results/vision/resnet18_baseline/metrics_validation.json,930,0.0009,resultado,pesado pero permitido
results/vision/resnet18_baseline/reconciliation_report.json,6925,0.0066,resultado,pesado pero permitido
results/vision/resnet18_baseline/reconciliation_report.md,1076,0.001,resultado,pesado pero permitido
results/vision/resnet18_baseline/run_config.yaml,541,0.0005,resultado,pesado pero permitido
results/vision/resnet18_baseline/run_summary.json,786,0.0007,resultado,pesado pero permitido
results/vision/resnet18_baseline/test_predictions.csv,91524,0.0873,resultado,pesado pero permitido
results/vision/resnet18_baseline/training_curves.png,89470,0.0853,resultado,pesado pero permitido
results/vision/resnet18_baseline/training_history.csv,1547,0.0015,resultado,pesado pero permitido
results/vision/resultados_1_baseline/archive_original/classification_report.csv,622,0.0006,resultado,pesado pero permitido
results/vision/resultados_1_baseline/archive_original/confusion_matrix.png,56689,0.0541,resultado,pesado pero permitido
results/vision/resultados_1_baseline/archive_original/confusion_matrix_normalized.png,74423,0.071,resultado,pesado pero permitido
results/vision/resultados_1_baseline/archive_original/manifest.json,7223,0.0069,resultado,pesado pero permitido
results/vision/resultados_1_baseline/archive_original/metrics_test.json,957,0.0009,resultado,pesado pero permitido
results/vision/resultados_1_baseline/archive_original/metrics_validation.json,930,0.0009,resultado,pesado pero permitido
results/vision/resultados_1_baseline/archive_original/r1_distribucion_confianza.png,38258,0.0365,resultado,pesado pero permitido
results/vision/resultados_1_baseline/archive_original/r1_f1_por_clase.png,51380,0.049,resultado,pesado pero permitido
results/vision/resultados_1_baseline/archive_original/r1_matriz_confusion.png,79138,0.0755,resultado,pesado pero permitido
results/vision/resultados_1_baseline/archive_original/r1_matriz_confusion_normalizada.png,99638,0.095,resultado,pesado pero permitido
results/vision/resultados_1_baseline/archive_original/r1_metricas.json,957,0.0009,resultado,pesado pero permitido
results/vision/resultados_1_baseline/archive_original/r1_metricas_resumen.png,50270,0.0479,resultado,pesado pero permitido
results/vision/resultados_1_baseline/archive_original/r1_precision_recall_por_clase.png,52729,0.0503,resultado,pesado pero permitido
results/vision/resultados_1_baseline/archive_original/r1_predicciones_test.csv,91524,0.0873,resultado,pesado pero permitido
results/vision/resultados_1_baseline/archive_original/r1_reconciliation_report.json,12890,0.0123,resultado,pesado pero permitido
results/vision/resultados_1_baseline/archive_original/r1_reconciliation_report.md,1205,0.0011,resultado,pesado pero permitido
results/vision/resultados_1_baseline/archive_original/r1_reporte_clasificacion.csv,622,0.0006,resultado,pesado pero permitido
results/vision/resultados_1_baseline/archive_original/reconciliation_report.json,6925,0.0066,resultado,pesado pero permitido
results/vision/resultados_1_baseline/archive_original/run_config.yaml,541,0.0005,resultado,pesado pero permitido
results/vision/resultados_1_baseline/archive_original/run_summary.json,786,0.0007,resultado,pesado pero permitido
results/vision/resultados_1_baseline/archive_original/test_predictions.csv,91524,0.0873,resultado,pesado pero permitido
results/vision/resultados_1_baseline/archive_original/training_curves.png,89470,0.0853,resultado,pesado pero permitido
results/vision/resultados_1_baseline/archive_original/training_history.csv,1547,0.0015,resultado,pesado pero permitido
results/vision/resultados_1_baseline/classification_report.csv,622,0.0006,resultado,pesado pero permitido
results/vision/resultados_1_baseline/confusion_matrix.png,56689,0.0541,resultado,pesado pero permitido
results/vision/resultados_1_baseline/confusion_matrix_normalized.png,74423,0.071,resultado,pesado pero permitido
results/vision/resultados_1_baseline/manifest.json,3950,0.0038,resultado,pesado pero permitido
results/vision/resultados_1_baseline/metrics_test.json,957,0.0009,resultado,pesado pero permitido
results/vision/resultados_1_baseline/metrics_validation.json,930,0.0009,resultado,pesado pero permitido
results/vision/resultados_1_baseline/r1_distribucion_confianza.png,38258,0.0365,resultado,pesado pero permitido
results/vision/resultados_1_baseline/r1_f1_por_clase.png,51380,0.049,resultado,pesado pero permitido
results/vision/resultados_1_baseline/r1_matriz_confusion.png,79138,0.0755,resultado,pesado pero permitido
results/vision/resultados_1_baseline/r1_matriz_confusion_normalizada.png,99638,0.095,resultado,pesado pero permitido
results/vision/resultados_1_baseline/r1_metricas.json,957,0.0009,resultado,pesado pero permitido
results/vision/resultados_1_baseline/r1_metricas_resumen.png,50270,0.0479,resultado,pesado pero permitido
results/vision/resultados_1_baseline/r1_precision_recall_por_clase.png,52729,0.0503,resultado,pesado pero permitido
results/vision/resultados_1_baseline/r1_predicciones_test.csv,91524,0.0873,resultado,pesado pero permitido
results/vision/resultados_1_baseline/r1_reconciliation_report.json,16285,0.0155,resultado,pesado pero permitido
results/vision/resultados_1_baseline/r1_reconciliation_report.md,1352,0.0013,resultado,pesado pero permitido
results/vision/resultados_1_baseline/r1_reporte_clasificacion.csv,622,0.0006,resultado,pesado pero permitido
results/vision/resultados_1_baseline/reconciliation_report.json,6925,0.0066,resultado,pesado pero permitido
results/vision/resultados_1_baseline/run_config.yaml,541,0.0005,resultado,pesado pero permitido
results/vision/resultados_1_baseline/run_summary.json,1608,0.0015,resultado,pesado pero permitido
results/vision/resultados_1_baseline/test_predictions.csv,91524,0.0873,resultado,pesado pero permitido
results/vision/resultados_1_baseline/training_curves.png,89470,0.0853,resultado,pesado pero permitido
results/vision/resultados_1_baseline/training_history.csv,1547,0.0015,resultado,pesado pero permitido
results/vision/resultados_2_mejoras/01_metricas_reconciliadas/.gitkeep,0,0.0,resultado,pesado pero permitido
results/vision/resultados_2_mejoras/02_paridad_inferencia/.gitkeep,0,0.0,resultado,pesado pero permitido
results/vision/resultados_2_mejoras/02_paridad_inferencia/r2_cli_vs_streamlit_probabilidades.png,79094,0.0754,resultado,pesado pero permitido
results/vision/resultados_2_mejoras/02_paridad_inferencia/r2_diferencia_probabilidades.png,44401,0.0423,resultado,pesado pero permitido
results/vision/resultados_2_mejoras/02_paridad_inferencia/r2_paridad_inferencia.csv,37225,0.0355,resultado,pesado pero permitido
results/vision/resultados_2_mejoras/02_paridad_inferencia/r2_paridad_por_clase.png,40056,0.0382,resultado,pesado pero permitido
results/vision/resultados_2_mejoras/02_paridad_inferencia/r2_paridad_resumen.json,6188,0.0059,resultado,pesado pero permitido
results/vision/resultados_2_mejoras/03_recorte_y_calidad/.gitkeep,0,0.0,resultado,pesado pero permitido
results/vision/resultados_2_mejoras/03_recorte_y_calidad/r2_casos_fallback.png,19160,0.0183,resultado,pesado pero permitido
results/vision/resultados_2_mejoras/03_recorte_y_calidad/r2_distribucion_calidad.png,79839,0.0761,resultado,pesado pero permitido
results/vision/resultados_2_mejoras/03_recorte_y_calidad/r2_galeria_recortes.png,1723125,1.6433,resultado,pesado pero permitido
results/vision/resultados_2_mejoras/03_recorte_y_calidad/r2_original_vs_recorte.png,2580780,2.4612,resultado,pesado pero permitido
results/vision/resultados_2_mejoras/03_recorte_y_calidad/r2_panel_calidad.png,49562,0.0473,resultado,pesado pero permitido
results/vision/resultados_2_mejoras/03_recorte_y_calidad/r2_recorte_y_calidad.csv,15670,0.0149,resultado,pesado pero permitido
results/vision/resultados_2_mejoras/03_recorte_y_calidad/r2_recorte_y_calidad_resumen.json,2846,0.0027,resultado,pesado pero permitido
results/vision/resultados_2_mejoras/03_recorte_y_calidad/r2_revision_humana_template.csv,8574,0.0082,resultado,pesado pero permitido
results/vision/resultados_2_mejoras/04_analisis_errores/.gitkeep,0,0.0,resultado,pesado pero permitido
results/vision/resultados_2_mejoras/04_analisis_errores/r2_analisis_errores_resumen.json,6696,0.0064,resultado,pesado pero permitido
results/vision/resultados_2_mejoras/04_analisis_errores/r2_calidad_vs_error.png,106863,0.1019,resultado,pesado pero permitido
results/vision/resultados_2_mejoras/04_analisis_errores/r2_categorias_error.csv,157,0.0001,resultado,pesado pero permitido
results/vision/resultados_2_mejoras/04_analisis_errores/r2_confianza_correctos_vs_errores.png,43498,0.0415,resultado,pesado pero permitido
results/vision/resultados_2_mejoras/04_analisis_errores/r2_confusiones_intact_broken.png,118036,0.1126,resultado,pesado pero permitido
results/vision/resultados_2_mejoras/04_analisis_errores/r2_errores_broken.png,1816454,1.7323,resultado,pesado pero permitido
results/vision/resultados_2_mejoras/04_analisis_errores/r2_errores_intact.png,1707891,1.6288,resultado,pesado pero permitido
results/vision/resultados_2_mejoras/04_analisis_errores/r2_errores_por_calidad.csv,322,0.0003,resultado,pesado pero permitido
results/vision/resultados_2_mejoras/04_analisis_errores/r2_matriz_confusion_validation.csv,156,0.0001,resultado,pesado pero permitido
results/vision/resultados_2_mejoras/04_analisis_errores/r2_predicciones_validation.csv,129507,0.1235,resultado,pesado pero permitido
results/vision/resultados_2_mejoras/04_analisis_errores/r2_top_confusiones.csv,599,0.0006,resultado,pesado pero permitido
results/vision/resultados_2_mejoras/04_analisis_errores/recommendations.json,2127,0.002,resultado,pesado pero permitido
results/vision/resultados_2_mejoras/05_resnet18_v2/.gitkeep,0,0.0,resultado,pesado pero permitido
results/vision/resultados_2_mejoras/05_resnet18_v2/classification_report.csv,591,0.0006,resultado,pesado pero permitido
results/vision/resultados_2_mejoras/05_resnet18_v2/metrics_test.json,926,0.0009,resultado,pesado pero permitido
results/vision/resultados_2_mejoras/05_resnet18_v2/metrics_validation.json,952,0.0009,resultado,pesado pero permitido
results/vision/resultados_2_mejoras/05_resnet18_v2/predictions_test.csv,94607,0.0902,resultado,pesado pero permitido
results/vision/resultados_2_mejoras/05_resnet18_v2/r1_vs_r2_f1_resnet18.png,44303,0.0423,resultado,pesado pero permitido
results/vision/resultados_2_mejoras/05_resnet18_v2/r1_vs_r2_recall_intact_broken.png,34049,0.0325,resultado,pesado pero permitido
results/vision/resultados_2_mejoras/05_resnet18_v2/r2_curvas_entrenamiento_resnet18_v2.png,108051,0.103,resultado,pesado pero permitido
results/vision/resultados_2_mejoras/05_resnet18_v2/r2_f1_por_clase_resnet18_v2.png,31250,0.0298,resultado,pesado pero permitido
results/vision/resultados_2_mejoras/05_resnet18_v2/r2_matriz_confusion_normalizada_resnet18_v2.png,72217,0.0689,resultado,pesado pero permitido
results/vision/resultados_2_mejoras/05_resnet18_v2/r2_matriz_confusion_resnet18_v2.png,58203,0.0555,resultado,pesado pero permitido
results/vision/resultados_2_mejoras/05_resnet18_v2/r2_precision_recall_resnet18_v2.png,36828,0.0351,resultado,pesado pero permitido
results/vision/resultados_2_mejoras/05_resnet18_v2/run_config.yaml,1223,0.0012,resultado,pesado pero permitido
results/vision/resultados_2_mejoras/05_resnet18_v2/run_summary.json,1208,0.0012,resultado,pesado pero permitido
results/vision/resultados_2_mejoras/05_resnet18_v2/training_history.csv,2767,0.0026,resultado,pesado pero permitido
results/vision/resultados_2_mejoras/06_calibracion/.gitkeep,0,0.0,resultado,pesado pero permitido
results/vision/resultados_2_mejoras/06_calibracion/calibration_bins.csv,1313,0.0013,resultado,pesado pero permitido
results/vision/resultados_2_mejoras/06_calibracion/calibration_metrics_after.json,563,0.0005,resultado,pesado pero permitido
results/vision/resultados_2_mejoras/06_calibracion/calibration_metrics_before.json,548,0.0005,resultado,pesado pero permitido
results/vision/resultados_2_mejoras/06_calibracion/r2_calibration_before_vs_after.png,94017,0.0897,resultado,pesado pero permitido
results/vision/resultados_2_mejoras/06_calibracion/r2_confidence_accuracy_gap.png,29673,0.0283,resultado,pesado pero permitido
results/vision/resultados_2_mejoras/06_calibracion/r2_reliability_after.png,73156,0.0698,resultado,pesado pero permitido
results/vision/resultados_2_mejoras/06_calibracion/r2_reliability_before.png,74077,0.0706,resultado,pesado pero permitido
results/vision/resultados_2_mejoras/06_calibracion/temperature.json,534,0.0005,resultado,pesado pero permitido
results/vision/resultados_2_mejoras/07_tta/.gitkeep,0,0.0,resultado,pesado pero permitido
results/vision/resultados_2_mejoras/08_comparacion_modelos/.gitkeep,0,0.0,resultado,pesado pero permitido
results/vision/resultados_2_mejoras/09_gradcam_interfaz/.gitkeep,0,0.0,resultado,pesado pero permitido
results/vision/resultados_2_mejoras/10_lora_generativo/.gitkeep,0,0.0,resultado,pesado pero permitido
results/vision/resultados_2_mejoras/final/.gitkeep,0,0.0,resultado,pesado pero permitido
results/vision/smoke_test_resnet18_v2/classification_report.csv,297,0.0003,resultado,pesado pero permitido
results/vision/smoke_test_resnet18_v2/metrics_test.json,708,0.0007,resultado,pesado pero permitido
results/vision/smoke_test_resnet18_v2/metrics_validation.json,708,0.0007,resultado,pesado pero permitido
results/vision/smoke_test_resnet18_v2/predictions_test.csv,1028,0.001,resultado,pesado pero permitido
results/vision/smoke_test_resnet18_v2/r1_vs_r2_f1_resnet18.png,43076,0.0411,resultado,pesado pero permitido
results/vision/smoke_test_resnet18_v2/r1_vs_r2_recall_intact_broken.png,33908,0.0323,resultado,pesado pero permitido
results/vision/smoke_test_resnet18_v2/r2_curvas_entrenamiento_resnet18_v2.png,50868,0.0485,resultado,pesado pero permitido
results/vision/smoke_test_resnet18_v2/r2_f1_por_clase_resnet18_v2.png,31191,0.0297,resultado,pesado pero permitido
results/vision/smoke_test_resnet18_v2/r2_matriz_confusion_normalizada_resnet18_v2.png,60438,0.0576,resultado,pesado pero permitido
results/vision/smoke_test_resnet18_v2/r2_matriz_confusion_resnet18_v2.png,51149,0.0488,resultado,pesado pero permitido
results/vision/smoke_test_resnet18_v2/r2_precision_recall_resnet18_v2.png,36645,0.0349,resultado,pesado pero permitido
results/vision/smoke_test_resnet18_v2/run_config.yaml,1235,0.0012,resultado,pesado pero permitido
results/vision/smoke_test_resnet18_v2/run_summary.json,1132,0.0011,resultado,pesado pero permitido
results/vision/smoke_test_resnet18_v2/training_history.csv,256,0.0002,resultado,pesado pero permitido
scripts/__init__.py,0,0.0,script,seguro para subir
scripts/analyze_seed.py,2547,0.0024,script,seguro para subir
scripts/analyze_vision_errors.py,39151,0.0373,script,seguro para subir
scripts/audit_dataset.py,6026,0.0057,script,seguro para subir
scripts/build_vector_db.py,1401,0.0013,script,seguro para subir
scripts/calibrate_vision_model.py,14546,0.0139,script,seguro para subir
scripts/check_environment.py,582,0.0006,script,seguro para subir
scripts/compare_inference_paths.py,18610,0.0177,script,seguro para subir
scripts/consolidate_lora_evidence.py,24834,0.0237,script,seguro para subir
scripts/evaluate_preprocessing.py,18228,0.0174,script,seguro para subir
scripts/evaluate_rag.py,21426,0.0204,script,seguro para subir
scripts/evaluate_system.py,29852,0.0285,script,seguro para subir
scripts/evaluate_vision_model.py,2897,0.0028,script,seguro para subir
scripts/prepare_dataset.py,6792,0.0065,script,seguro para subir
scripts/prepare_lora_dataset.py,257,0.0002,script,seguro para subir
scripts/prepare_rag_corpus.py,20107,0.0192,script,seguro para subir
scripts/query_vector_db.py,2358,0.0022,script,seguro para subir
scripts/reconcile_vision_results.py,34339,0.0327,script,seguro para subir
scripts/run_demo.py,1843,0.0018,script,seguro para subir
scripts/run_functional_test.py,8683,0.0083,script,seguro para subir
scripts/smoke_test_app.py,7336,0.007,script,seguro para subir
scripts/train_resnet18_v2.py,1984,0.0019,script,seguro para subir
scripts/train_vision_model.py,2100,0.002,script,seguro para subir
scripts/validate_dataset_split.py,5165,0.0049,script,seguro para subir
scripts/verify_dataset_structure.py,1558,0.0015,script,seguro para subir
src/__init__.py,0,0.0,codigo_fuente,seguro para subir
src/data/__init__.py,0,0.0,codigo_fuente,seguro para subir
src/data/audit.py,12995,0.0124,codigo_fuente,seguro para subir
src/data/augmentation.py,826,0.0008,codigo_fuente,seguro para subir
src/data/cleaning.py,9152,0.0087,codigo_fuente,seguro para subir
src/data/metadata.py,481,0.0005,codigo_fuente,seguro para subir
src/data/split_dataset.py,8241,0.0079,codigo_fuente,seguro para subir
src/data/verify.py,2082,0.002,codigo_fuente,seguro para subir
src/experiments/__init__.py,64,0.0001,codigo_fuente,seguro para subir
src/experiments/result_registry.py,4698,0.0045,codigo_fuente,seguro para subir
src/pipelines/README.md,103,0.0001,codigo_fuente,seguro para subir
src/pipelines/__init__.py,0,0.0,codigo_fuente,seguro para subir
src/pipelines/analyze_seed.py,16048,0.0153,codigo_fuente,seguro para subir
src/pipelines/build_rag.py,14049,0.0134,codigo_fuente,seguro para subir
src/rag/README.md,153,0.0001,codigo_fuente,seguro para subir
src/rag/__init__.py,0,0.0,codigo_fuente,seguro para subir
src/rag/chunking.py,473,0.0005,codigo_fuente,seguro para subir
src/rag/document_loader.py,1297,0.0012,codigo_fuente,seguro para subir
src/rag/embeddings.py,1203,0.0011,codigo_fuente,seguro para subir
src/rag/prompt_builder.py,3491,0.0033,codigo_fuente,seguro para subir
src/rag/retrieval.py,4250,0.0041,codigo_fuente,seguro para subir
src/rag/vector_store.py,2781,0.0027,codigo_fuente,seguro para subir
src/reports/__init__.py,0,0.0,codigo_fuente,seguro para subir
src/reports/report_generator.py,6101,0.0058,codigo_fuente,seguro para subir
src/reports/source_formatter.py,944,0.0009,codigo_fuente,seguro para subir
src/reports/template.py,501,0.0005,codigo_fuente,seguro para subir
src/synthetic_data/README.md,198,0.0002,codigo_fuente,seguro para subir
src/synthetic_data/__init__.py,0,0.0,codigo_fuente,seguro para subir
src/synthetic_data/filter_synthetic_images.py,318,0.0003,codigo_fuente,seguro para subir
src/synthetic_data/generate_images.py,863,0.0008,codigo_fuente,seguro para subir
src/synthetic_data/prepare_lora_dataset.py,1163,0.0011,codigo_fuente,seguro para subir
src/synthetic_data/train_sd15_lora.py,1555,0.0015,codigo_fuente,seguro para subir
src/utils/__init__.py,0,0.0,codigo_fuente,seguro para subir
src/utils/config.py,371,0.0004,codigo_fuente,seguro para subir
src/utils/logger.py,227,0.0002,codigo_fuente,seguro para subir
src/utils/paths.py,229,0.0002,codigo_fuente,seguro para subir
src/vision/README.md,195,0.0002,codigo_fuente,seguro para subir
src/vision/__init__.py,0,0.0,codigo_fuente,seguro para subir
src/vision/calibration.py,8995,0.0086,codigo_fuente,seguro para subir
src/vision/dataset.py,8406,0.008,codigo_fuente,seguro para subir
src/vision/evaluation.py,8053,0.0077,codigo_fuente,seguro para subir
src/vision/image_quality.py,4436,0.0042,codigo_fuente,seguro para subir
src/vision/inference.py,639,0.0006,codigo_fuente,seguro para subir
src/vision/inference_engine.py,10085,0.0096,codigo_fuente,seguro para subir
src/vision/model.py,5113,0.0049,codigo_fuente,seguro para subir
src/vision/preprocessing.py,18591,0.0177,codigo_fuente,seguro para subir
src/vision/train.py,15687,0.015,codigo_fuente,seguro para subir
src/vision/train_v2.py,79383,0.0757,codigo_fuente,seguro para subir
tests/test_analyze_seed.py,6312,0.006,prueba,seguro para subir
tests/test_app_startup.py,6370,0.0061,prueba,seguro para subir
tests/test_audit.py,1865,0.0018,prueba,seguro para subir
tests/test_build_vector_db.py,4540,0.0043,prueba,seguro para subir
tests/test_chunking.py,210,0.0002,prueba,seguro para subir
tests/test_compare_inference_paths.py,3834,0.0037,prueba,seguro para subir
tests/test_config_consolidation.py,402,0.0004,prueba,seguro para subir
tests/test_dataset_cleaning.py,3409,0.0033,prueba,seguro para subir
tests/test_dataset_split.py,3407,0.0032,prueba,seguro para subir
tests/test_dataset_verify.py,1427,0.0014,prueba,seguro para subir
tests/test_demo_helpers.py,5415,0.0052,prueba,seguro para subir
tests/test_functional_test_script.py,733,0.0007,prueba,seguro para subir
tests/test_label_map.py,347,0.0003,prueba,seguro para subir
tests/test_lora_command.py,652,0.0006,prueba,seguro para subir
tests/test_lora_evidence_consolidation.py,3219,0.0031,prueba,seguro para subir
tests/test_prepare_rag_corpus.py,4994,0.0048,prueba,seguro para subir
tests/test_prompt_builder.py,248,0.0002,prueba,seguro para subir
tests/test_rag_embeddings.py,881,0.0008,prueba,seguro para subir
tests/test_rag_evaluation_metrics.py,1080,0.001,prueba,seguro para subir
tests/test_report_template.py,282,0.0003,prueba,seguro para subir
tests/test_result_registry.py,5352,0.0051,prueba,seguro para subir
tests/test_smoke_test_app.py,1027,0.001,prueba,seguro para subir
tests/test_system_evaluation.py,6569,0.0063,prueba,seguro para subir
tests/test_train_resnet18_v2.py,8343,0.008,prueba,seguro para subir
tests/test_vision_calibration.py,2689,0.0026,prueba,seguro para subir
tests/test_vision_dataset.py,2070,0.002,prueba,seguro para subir
tests/test_vision_error_analysis.py,5496,0.0052,prueba,seguro para subir
tests/test_vision_inference.py,4322,0.0041,prueba,seguro para subir
tests/test_vision_model.py,2425,0.0023,prueba,seguro para subir
tests/test_vision_preprocessing.py,3796,0.0036,prueba,seguro para subir
tests/test_vision_reconciliation.py,4528,0.0043,prueba,seguro para subir
tests/test_vision_training.py,3755,0.0036,prueba,seguro para subir
vector_db/README.md,139,0.0001,rag_indice,pesado pero permitido
